{
  "eventJumbotron": {
    "title": "ACARA KAMI",
    "description": "Komunitas Solo Bersih mengadakan berbagai acara untuk meningkatkan kesadaran dan partisipasi masyarakat dalam menjaga kebersihan lingkungan. Dari kegiatan bersih-bersih massal hingga seminar edukatif tentang daur ulang, setiap acara bertujuan untuk menginspirasi dan memberdayakan warga Solo Raya. Mari bergabung dalam acara kami dan berkontribusi langsung dalam menjaga lingkungan yang lebih sehat dan bersih untuk generasi mendatang. Jadilah bagian dari perubahan positif di kota kita!",
    "image": "https://i.ibb.co.com/bJWhrks/image.png"
  },
  "blogsJumbotron": {
    "title": "BLOG KAMI",
    "description": "Temukan cerita-cerita inspiratif dan informasi penting di blog Komunitas Solo Bersih. Dari tips praktis untuk mengurangi sampah plastik hingga berita terbaru tentang upaya lingkungan di Solo Raya, blog kami menyajikan konten yang relevan dan bermanfaat bagi semua yang peduli pada lingkungan. Jangan lewatkan artikel-artikel kami yang memberikan wawasan mendalam tentang berbagai cara untuk menjaga kebersihan dan kelestarian alam di sekitar kita.",
    "image": "https://i.ibb.co.com/5kRJQ54/leaves-plant-green-118405-1280x720.jpg"
  },
  "volunteerJumbotron": {
    "title": "DAFTAR RELAWAN ANDA",
    "description": "Bergabunglah dengan relawan Komunitas Solo Bersih dan ambil bagian dalam berbagai kegiatan yang berdampak positif bagi lingkungan. Dengan menjadi relawan, Anda bisa berkontribusi langsung dalam aksi-aksi nyata seperti pembersihan sungai, penanaman pohon, dan kampanye anti-sampah. Kami percaya bahwa setiap kontribusi, sekecil apapun, dapat membuat perubahan besar. Mari bersama-sama menciptakan Solo Raya yang lebih bersih dan hijau.",
    "image": "https://i.ibb.co.com/yQp2xGB/vadim-bozhko-lb-O1i-Cnb-TW0-unsplash.jpg"
  }
}
